,ID,Name,Linked_OTUs,Named_linked_OTUs,Average presence in 0,Average presence in 1,Representative_group,Average presence (total),Average_importance
2571,GO:0102545,phosphatidyl phospholipase B activity,,,0.04988058823529412,0.5633539999999999,1,0.16657909090909093,0.29462188849641685
7446,GO:0016260,selenocysteine biosynthetic process,,,24.45915411764706,33.529201199999996,1,26.520528454545467,0.23756491103430433
