0,Model_0,Model_1,Model_2,Model_3,Model_4,Model_5,Model_6,Model_7,Model_8,Model_9,Model_10,Model_11,Model_12,Model_13,Model_14,Model_15,Model_16,Model_17,Model_18,Model_19,Average
GO:0008744,0.14795359219323942,0.1916959323474424,0.2123760985273469,0.1729378128482424,0.19219561377187566,0.1650663724011491,0.23955523515841268,0.23206152707473662,0.1959974173256436,0.2855767833684518,0.3098000689288052,0.25203848968096604,0.25781634657832164,0.17315734090508608,0.236160806091502,0.2757946735920343,0.1977163650189894,0.29425119421443163,0.1254981603118152,0.14205595281711783,0.2149852891577805
4.2.1.-,0.16637190799311194,0.23027590541771115,0.14138635090965673,0.1603264122486216,0.19082246126306718,0.16377463977832682,0.21071593477432216,0.14671358518684355,0.1657374806398485,0.20095179613229203,0.16959598789493324,0.18453250059967635,0.1996067100110239,0.19365336892492713,0.2065310174433818,0.11615821225860831,0.2159152343023569,0.20034150782636576,0.25085590646803374,0.3151904662726227,0.19147286931728655
GO:0032440,0.2410967518852654,0.21071410581603145,0.17239217656146916,0.26230719638559863,0.18797311952511694,0.36018645888581863,0.1641589890085105,0.3455334262984512,0.2711467916450733,0.12494833519458394,0.16246847598698297,0.19523026834674329,0.17843060123370807,0.20653195484537973,0.16210995763418645,0.24172528499691123,0.17883073093197951,0.14872109225808272,0.22266686538827568,0.19864397521857735,0.21179082790233733
GO:0102545,0.24470071822455763,0.19014764559907013,0.17633126494867696,0.24456685159975314,0.3176355846001754,0.15697412398178268,0.1501223886563475,0.17701331211790008,0.24240844972257172,0.18880642389344954,0.27151735243747765,0.21674972532092043,0.2110660276959888,0.23597759797496853,0.2384457208447993,0.3074475782875534,0.2694546773454512,0.2215217465266535,0.2278278526454024,0.22800938191225134,0.22583622121678762
GO:0009986,0.19987702970382556,0.17716641081974485,0.2975141090528503,0.1598617269177844,0.11137322083976502,0.1539984049529227,0.2354474524024071,0.09867814932206857,0.12470986066686285,0.19971666141122277,0.08661811475180081,0.15144901605169395,0.15308031448095769,0.1906797373496384,0.15675249798613053,0.05887425086489279,0.13808299240122313,0.13516445917446634,0.173151215186473,0.11610022377943083,0.15591479240580808
