,ID,Name,Linked_OTUs,Named_linked_OTUs,Average presence in 0,Average presence in 1,Representative_group,Average presence (total),Average_importance
1023,GO:0016811,"hydrolase activity, acting on carbon-nitrogen (but not peptide) bonds, in linear amides",,,19.203970588235293,28.1909492,1,21.246465727272717,0.09339503526822521
2571,GO:0102545,phosphatidyl phospholipase B activity,,,0.04988058823529412,0.5633539999999999,1,0.16657909090909093,0.08494234319561547
3746,GO:0043130,ubiquitin binding,,,2.7050276470588233,0.850828,0,2.2836186363636366,0.07925877155336028
7446,GO:0016260,selenocysteine biosynthetic process,,,24.45915411764706,33.529201199999996,1,26.520528454545467,0.07348569950089454
