0,Model_0,Model_1,Model_2,Model_3,Model_4,Model_5,Model_6,Model_7,Model_8,Model_9,Model_10,Model_11,Model_12,Model_13,Model_14,Model_15,Model_16,Model_17,Model_18,Model_19,Average
GO:0102545,0.2504692073806327,0.2504692073806327,0.14574357838406019,0.2072498744351726,0.15004661755832238,0.20456711994418803,0.26587299251152985,0.17143365772104913,0.3569438670746517,0.3352601085366696,0.20237280841658614,0.2850954288799068,0.26833458226654966,0.18376029853187242,0.23292121028306048,0.3786631570217053,0.24279129075796532,0.21106792814707298,0.2945296284780036,0.1364136812837944,0.23870031224967136
GO:0008744,0.19621594999494651,0.19621594999494651,0.38967909915828775,0.26840042745691245,0.4586032906986366,0.25752877577770816,0.25216737012605417,0.30681306608580045,0.2395671719910325,0.16261593687486064,0.260893460028764,0.2760946658828311,0.3063470865708956,0.3092018909086851,0.3207976938800223,0.2080739888372995,0.21207005722495165,0.3568148887253556,0.19190309836975275,0.2093360460594374,0.2689669957323591
GO:0032440,0.3951664804628628,0.3951664804628628,0.3199080945980419,0.3285184157203042,0.23542883539807516,0.2953140232150123,0.18841099853226634,0.3419376306745685,0.26200030026304494,0.21986910179505642,0.3077379910613865,0.2539031264665762,0.29934326578667436,0.3242592504846132,0.2633819767282237,0.29483793676984066,0.2418480574047613,0.2658685506093776,0.33251579177700125,0.3768973583113649,0.2971156833260958
4.1.2.-,0.15814836216155792,0.15814836216155792,0.14466922785961006,0.19583128238761074,0.15592125634496584,0.2425900810630915,0.29354863883014964,0.17981564551858176,0.14148866067127092,0.28225485279341334,0.22899574049326327,0.1849067787706858,0.12597506537588035,0.18277856007482932,0.18289911910869353,0.11842491737115468,0.30329059461232166,0.16624863251819383,0.18105148137524252,0.2773529143454034,0.19521700869187392
