,ID,Name,Linked_OTUs,Named_linked_OTUs,Average presence in 0,Average presence in 1,Representative_group,Average presence (total),Average_importance
2571,GO:0102545,phosphatidyl phospholipase B activity,,,0.04988058823529412,0.5633539999999999,1,0.16657909090909093,0.2944014292803784
3198,GO:0004122,cystathionine beta-synthase activity,,,0.07543635294117647,0.55811,1,0.1851349090909091,0.2898690594149101
9891,4.1.2.-,Not Found,,,0.25865,0.8303876,1,0.38859036363636357,0.2127665232368606
