,ID,Name,Linked_OTUs,Named_linked_OTUs,Average presence in 0,Average presence in 1,Representative_group,Average presence (total),Average_importance
1171,GO:0008788,"alpha,alpha-phosphotrehalase activity",,,0.10804223529411763,0.4377747999999999,1,0.18298145454545456,0.06013044964364117
1534,GO:0008092,cytoskeletal protein binding,,,2.653848352941176,0.82147,0,2.2373987272727267,0.04477611989534201
2571,GO:0102545,phosphatidyl phospholipase B activity,,,0.04988058823529412,0.5633539999999999,1,0.16657909090909093,0.04225412528971486
3198,GO:0004122,cystathionine beta-synthase activity,,,0.07543635294117647,0.55811,1,0.1851349090909091,0.03627176854774302
3495,GO:0008744,L-xylulokinase activity,,,0.049278352941176475,0.37000159999999993,1,0.12217,0.03303811604277915
3729,GO:0017065,single-strand selective uracil DNA N-glycosylase activity,,,1.3254490588235293,0.4096496,0,1.117312818181818,0.03152747402149423
7687,GO:0032440,2-alkenal reductase [NAD(P)+] activity,,,2.6939835294117644,0.819868,0,2.2680481818181817,0.03131970293082905
8348,2.7.1.51,Not Found,,,1.3593375294117644,0.41448,0,1.1445971818181817,0.026564923290936494
9891,4.1.2.-,Not Found,,,0.25865,0.8303876,1,0.38859036363636357,0.025364789466121935
