,ID,Name,Linked_OTUs,Named_linked_OTUs,Average presence in 0,Average presence in 1,Representative_group,Average presence (total),Average_importance
2571,GO:0102545,phosphatidyl phospholipase B activity,,,0.04988058823529412,0.5633539999999999,1,0.16657909090909093,0.16561340712615275
3495,GO:0008744,L-xylulokinase activity,,,0.049278352941176475,0.37000159999999993,1,0.12217,0.15417672375747454
7687,GO:0032440,2-alkenal reductase [NAD(P)+] activity,,,2.6939835294117644,0.819868,0,2.2680481818181817,0.14905377520709795
9891,4.1.2.-,Not Found,,,0.25865,0.8303876,1,0.38859036363636357,0.1038354946224739
