0,Model_0,Model_1,Model_2,Model_3,Model_4,Model_5,Model_6,Model_7,Model_8,Model_9,Model_10,Model_11,Model_12,Model_13,Model_14,Model_15,Model_16,Model_17,Model_18,Model_19,Average
GO:0102545,0.19498514298489752,0.416298278495873,0.43190927580505983,0.19031283601195062,0.3715517438689102,0.3440014978729017,0.13508421366906315,0.3595391475097143,0.29447832401157953,0.35445598341015283,0.18631929646099146,0.3201153384815881,0.2085093850116343,0.3811641469786931,0.2752456838356592,0.31927383374159496,0.17910835406095515,0.36091188627105375,0.32397893977158054,0.24519446167448436,0.29462188849641685
GO:0016260,0.2045432026085459,0.33005024225584095,0.16090122682115207,0.1950495774437927,0.3371021865208482,0.21058208251426896,0.35959921224192043,0.20109066507725692,0.23603611317773124,0.1727604776987745,0.3838418258109834,0.1799793813002491,0.309229222388964,0.20515637953369648,0.24551211864490322,0.20912619582053987,0.23916428545303176,0.24056468171351844,0.2149137218733327,0.11609542178673493,0.23756491103430433
GO:0043130,0.28576448293821044,0.14231976504721444,0.18845097045894682,0.2886978370998112,0.1804205582513653,0.16442813559502936,0.16209327722840217,0.30320216528783706,0.2153652846656505,0.2352569108249681,0.16852152241205015,0.25866083119740785,0.19587514227237748,0.18585091175133195,0.22708462519611183,0.2677347329556725,0.31318159806119017,0.15972311820631965,0.3462888437836982,0.38472530080121536,0.2336823007017405
GO:0016811,0.3147071714683461,0.11133171420107174,0.21873852691484125,0.3259397494444455,0.11092551135887632,0.2809882840178,0.34322329686061426,0.1361680221251919,0.2541202781450388,0.23752662806610456,0.26131735531597494,0.24124444902075504,0.2863862503270242,0.22782856173627844,0.2521575723233256,0.20386523748219276,0.26854576242482303,0.2388003138091081,0.11481849457138858,0.25398481573756543,0.23413089976753837
