0,Model_0,Model_1,Model_2,Model_3,Model_4,Model_5,Model_6,Model_7,Model_8,Model_9,Model_10,Model_11,Model_12,Model_13,Model_14,Model_15,Model_16,Model_17,Model_18,Model_19,Average
GO:0102545,0.342054452466543,0.39354428419572696,0.29854026186904087,0.31255398096076314,0.3092497246172761,0.2502486204786959,0.3128089534462262,0.214104272987821,0.25774657877900436,0.23984838490607985,0.2923470790741812,0.33445488533150186,0.2776275245821524,0.2933070813416784,0.27902870769902993,0.22897248322728958,0.4239180154425196,0.2197708673317938,0.20945698177502634,0.39844544509521646,0.2944014292803784
GO:0008744,0.25383545488968823,0.1089852505910906,0.21341115740090005,0.17785628782941493,0.23168537634752678,0.24086020696745908,0.26316871189287205,0.18548407276395965,0.17832626663910964,0.20706615526171457,0.2823940620164544,0.1760150689812655,0.1948695877526034,0.1959580795360814,0.18922565127325805,0.2742124421591116,0.12100644593161301,0.13920028788776925,0.24609851689886075,0.17960067833626678,0.20296298806785096
4.1.2.-,0.29665299734796957,0.2715728325852184,0.25728432321651373,0.27957533224974596,0.26713979946828814,0.27062724659115267,0.1982579400582717,0.42077860021291147,0.3195863068631713,0.4173483057384614,0.2610849458029332,0.2248062016718617,0.3256808960168794,0.20738125142186245,0.3942153693375807,0.2581425337720426,0.15551671088703506,0.3837349023689092,0.36343662050811865,0.22455807217927412,0.2898690594149101
GO:0004122,0.1074570952957993,0.2258976326279641,0.23076425751354548,0.23001439896007603,0.19192509956690906,0.2382639259626923,0.22576439460263012,0.17963305403530788,0.24434084771871487,0.1357371540937443,0.16417391310643117,0.26472384401537097,0.2018219916483649,0.30335358770037785,0.1375302716901313,0.23867254084155617,0.29955882773883236,0.2572939424115277,0.1810078808179942,0.19739580438924267,0.2127665232368606
